<project name="Inventario_MVC" default="compile" basedir=".">
    <!-- Propiedades -->
    <property name="src" location="src"/> <!-- Carpeta de código fuente -->
    <property name="build" location="build"/> <!-- Carpeta de compilación -->
    <property name="lib" location="lib"/> <!-- Carpeta de librerías -->

    <!-- Inicializar: Crear la carpeta build -->
    <target name="init">
        <mkdir dir="${build}"/>
    </target>

    <!-- Compilar: Compilar el código fuente -->
    <target name="compile" depends="init">
        <javac srcdir="${src}" destdir="${build}" includeantruntime="false">
            <classpath>
                <fileset dir="${lib}">
                    <include name="/*.jar"/> <!-- Incluir librerías de la carpeta lib -->
                </fileset>
            </classpath>
        </javac>
    </target>

    <!-- Ejecutar: Ejecutar la clase principal -->
    <target name="run" depends="compile">
        <java classname="Inventario_mvc.Inventario_MVC" fork="true">
            <classpath>
                <pathelement path="${build}"/> <!-- Incluir clases compiladas -->
                <fileset dir="${lib}">
                    <include name="/*.jar"/> <!-- Incluir librerías -->
                </fileset>
            </classpath>
        </java>
    </target>

    <!-- Limpiar: Eliminar la carpeta build -->
    <target name="clean">
        <delete dir="${build}"/>
    </target>
</project>
